"id";"documento_id";"ordem";"tipo";"responsavel_id";"status";"iniciado_em";"concluido_em"
"1";"1";"1";"VERIFICACAO";"2";"PENDENTE";"2026-09-29 10:55:02";""
"2";"1";"2";"APROVACAO";"3";"AGUARDANDO";"";""
"3";"1";"3";"APROVACAO";"4";"AGUARDANDO";"";""
"4";"1";"4";"APROVACAO";"5";"AGUARDANDO";"";""
"5";"2";"1";"VERIFICACAO";"2";"CONCLUIDA";"2026-09-29 11:04:14";"2026-09-29 11:05:02"
"6";"2";"2";"APROVACAO";"3";"CONCLUIDA";"2026-09-29 11:05:02";"2026-09-29 11:09:38"
"7";"2";"3";"APROVACAO";"4";"PENDENTE";"2026-09-29 11:09:38";""
"8";"2";"4";"APROVACAO";"5";"AGUARDANDO";"";""
"9";"3";"1";"VERIFICACAO";"2";"CONCLUIDA";"2026-09-29 11:17:56";"2026-09-29 11:21:13"
"10";"3";"2";"APROVACAO";"3";"PENDENTE";"2026-09-29 11:21:13";""
"11";"3";"3";"APROVACAO";"4";"AGUARDANDO";"";""
"12";"3";"4";"APROVACAO";"5";"AGUARDANDO";"";""
"13";"4";"1";"VERIFICACAO";"2";"CONCLUIDA";"2026-09-29 11:29:35";"2026-09-29 11:33:22"
"14";"4";"2";"APROVACAO";"3";"CONCLUIDA";"2026-09-29 11:33:22";"2026-09-29 11:51:02"
"15";"4";"3";"APROVACAO";"4";"CONCLUIDA";"2026-09-29 11:51:02";"2026-09-29 15:57:54"
"16";"4";"4";"APROVACAO";"5";"PENDENTE";"2026-09-29 15:57:54";""
"17";"5";"1";"VERIFICACAO";"2";"CONCLUIDA";"2026-09-30 09:17:19";"2026-09-30 09:18:40"
"18";"5";"2";"APROVACAO";"3";"CONCLUIDA";"2026-09-30 09:18:40";"2026-09-30 09:18:58"
"19";"5";"3";"APROVACAO";"4";"PENDENTE";"2026-09-30 09:18:58";""
"20";"5";"4";"APROVACAO";"5";"AGUARDANDO";"";""
"21";"6";"1";"VERIFICACAO";"2";"PENDENTE";"2026-09-30 16:46:42";""
"22";"6";"2";"APROVACAO";"3";"AGUARDANDO";"";""
"23";"6";"3";"APROVACAO";"4";"AGUARDANDO";"";""
"24";"6";"4";"APROVACAO";"5";"AGUARDANDO";"";""
"25";"7";"1";"VERIFICACAO";"7";"CONCLUIDA";"2026-09-30 16:53:15";"2026-09-30 16:54:42"
"26";"7";"2";"APROVACAO";"3";"CONCLUIDA";"2026-09-30 16:54:42";"2026-09-30 16:55:19"
"27";"7";"3";"APROVACAO";"4";"CONCLUIDA";"2026-09-30 16:55:19";"2026-09-30 16:55:47"
"28";"7";"4";"APROVACAO";"5";"CONCLUIDA";"2026-09-30 16:55:47";"2026-09-30 16:56:06"
