"id";"documento_id";"usuario_id";"tipo_evento";"descricao";"criado_em"
"1";"1";"1";"CRIADO";"Documento criado por Admin.";"2026-09-29 10:55:02"
"2";"2";"1";"CRIADO";"Documento criado por Admin.";"2026-09-29 11:04:14"
"3";"2";"2";"VERIFICACAO";"Verificação confirmada por João.";"2026-09-29 11:05:02"
"4";"2";"2";"ETAPA_LIBERADA";"Documento encaminhado para Maria.";"2026-09-29 11:05:03"
"5";"2";"3";"APROVACAO";"Documento aprovado por Maria.";"2026-09-29 11:09:38"
"6";"2";"3";"ETAPA_LIBERADA";"Documento encaminhado para Carlos.";"2026-09-29 11:09:38"
"7";"3";"1";"CRIADO";"Documento criado por Admin.";"2026-09-29 11:17:56"
"8";"3";"2";"VERIFICACAO";"Verificação confirmada por João.";"2026-09-29 11:21:13"
"9";"3";"2";"ETAPA_LIBERADA";"Documento encaminhado para Maria.";"2026-09-29 11:21:13"
"10";"4";"1";"CRIADO";"Documento criado por Admin.";"2026-09-29 11:29:35"
"11";"4";"2";"VERIFICACAO";"Verificação confirmada por João.";"2026-09-29 11:33:22"
"12";"4";"2";"ETAPA_LIBERADA";"Documento encaminhado para Maria.";"2026-09-29 11:33:22"
"13";"4";"3";"APROVACAO";"Documento aprovado por Maria.";"2026-09-29 11:51:02"
"14";"4";"3";"ETAPA_LIBERADA";"Documento encaminhado para Carlos.";"2026-09-29 11:51:03"
"15";"4";"4";"APROVACAO";"Documento aprovado por Carlos.";"2026-09-29 15:57:54"
"16";"4";"4";"ETAPA_LIBERADA";"Documento encaminhado para Ana.";"2026-09-29 15:57:54"
"17";"1";"1";"DOCUMENTO_ENVIADO_LIXEIRA";"Documento enviado para lixeira por Admin. Motivo: Exclusão administrativa";"2026-09-29 16:05:32"
"18";"5";"1";"CRIADO";"Documento criado por Admin.";"2026-09-30 09:17:19"
"19";"5";"2";"VERIFICACAO";"Verificação confirmada por João.";"2026-09-30 09:18:40"
"20";"5";"2";"ETAPA_LIBERADA";"Documento encaminhado para Maria.";"2026-09-30 09:18:40"
"21";"5";"3";"APROVACAO";"Documento aprovado por Maria.";"2026-09-30 09:18:58"
"22";"5";"3";"ETAPA_LIBERADA";"Documento encaminhado para Carlos.";"2026-09-30 09:18:59"
"23";"2";"1";"DOCUMENTO_ENVIADO_LIXEIRA";"Documento enviado para lixeira por Admin. Motivo: Exclusão administrativa";"2026-09-30 11:07:01"
"24";"3";"1";"DOCUMENTO_ENVIADO_LIXEIRA";"Documento enviado para lixeira por Admin. Motivo: Exclusão administrativa";"2026-09-30 11:34:46"
"25";"6";"1";"CRIADO";"Documento criado por Admin.";"2026-09-30 16:46:42"
"26";"6";"1";"DOCUMENTO_ENVIADO_LIXEIRA";"Documento enviado para lixeira por Admin. Motivo: Exclusão administrativa";"2026-09-30 16:47:01"
"27";"7";"1";"CRIADO";"Documento criado por Admin.";"2026-09-30 16:53:15"
"28";"7";"7";"VERIFICACAO";"Verificação confirmada por Leon.";"2026-09-30 16:54:42"
"29";"7";"7";"ETAPA_LIBERADA";"Documento encaminhado para Maria.";"2026-09-30 16:54:42"
"30";"7";"3";"APROVACAO";"Documento aprovado por Maria.";"2026-09-30 16:55:19"
"31";"7";"3";"ETAPA_LIBERADA";"Documento encaminhado para Carlos.";"2026-09-30 16:55:20"
"32";"7";"4";"APROVACAO";"Documento aprovado por Carlos.";"2026-09-30 16:55:47"
"33";"7";"4";"ETAPA_LIBERADA";"Documento encaminhado para Ana.";"2026-09-30 16:55:47"
"34";"7";"5";"APROVACAO";"Documento aprovado por Ana.";"2026-09-30 16:56:06"
"35";"7";"5";"FINALIZADO";"Documento finalizado por Ana.";"2026-09-30 16:56:06"
"36";"7";"1";"DOCUMENTO_ENVIADO_LIXEIRA";"Documento enviado para lixeira por Admin. Motivo: Exclusão administrativa";"2026-09-30 16:56:54"
"37";"7";"1";"DOCUMENTO_ENVIADO_LIXEIRA";"Documento enviado para lixeira por Admin. Motivo: Exclusão administrativa";"2026-10-01 07:45:29"
