"id";"usuario_id";"documento_id";"mensagem";"lida";"criado_em"
"1";"2";"1";"Novo documento 2344 aguardando sua verificação.";"false";"2026-09-29 10:55:02"
"2";"2";"2";"Novo documento 200 aguardando sua verificação.";"false";"2026-09-29 11:04:14"
"3";"3";"2";"Documento 200 está aguardando sua ação.";"false";"2026-09-29 11:05:03"
"4";"4";"2";"Documento 200 está aguardando sua ação.";"false";"2026-09-29 11:09:38"
"5";"2";"3";"Novo documento 8237 aguardando sua verificação.";"false";"2026-09-29 11:17:56"
"6";"3";"3";"Documento 8237 está aguardando sua ação.";"false";"2026-09-29 11:21:14"
"7";"2";"4";"Novo documento 233545 aguardando sua verificação.";"false";"2026-09-29 11:29:35"
"8";"3";"4";"Documento 233545 está aguardando sua ação.";"false";"2026-09-29 11:33:22"
"9";"4";"4";"Documento 233545 está aguardando sua ação.";"false";"2026-09-29 11:51:03"
"10";"5";"4";"Documento 233545 está aguardando sua ação.";"false";"2026-09-29 15:57:55"
"11";"2";"5";"Novo documento 12345 aguardando sua verificação.";"false";"2026-09-30 09:17:19"
"12";"3";"5";"Documento 12345 está aguardando sua ação.";"false";"2026-09-30 09:18:41"
"13";"4";"5";"Documento 12345 está aguardando sua ação.";"false";"2026-09-30 09:18:59"
"14";"2";"6";"Novo documento 818 aguardando sua verificação.";"false";"2026-09-30 16:46:43"
"15";"7";"7";"Novo documento 1819 aguardando sua verificação.";"false";"2026-09-30 16:53:15"
"16";"3";"7";"Documento 1819 está aguardando sua ação.";"false";"2026-09-30 16:54:42"
"17";"4";"7";"Documento 1819 está aguardando sua ação.";"false";"2026-09-30 16:55:20"
"18";"5";"7";"Documento 1819 está aguardando sua ação.";"false";"2026-09-30 16:55:48"
